{"cameraMode":{"drawMode":0,"name":"Shaded","section":"Shading Mode"},"sceneLighting":true,"audioPlay":false,"sceneViewState":{"showFog":true,"showMaterialUpdate":true,"showSkybox":true,"showFlares":true,"showImageEffects":true,"showParticleSystems":true},"in2DMode":false,"pivot":{"x":35.67392349243164,"y":1.4844121932983399,"z":27.095314025878908},"rotation":{"x":0.11056488007307053,"y":0.06108453869819641,"z":-0.006819772068411112,"w":0.9919927716255188},"size":7.444566249847412,"orthographic":false}