{"cameraMode":{"drawMode":0,"name":"Shaded","section":"Shading Mode"},"sceneLighting":false,"audioPlay":false,"sceneViewState":{"showFog":true,"showMaterialUpdate":true,"showSkybox":false,"showFlares":true,"showImageEffects":true,"showParticleSystems":true},"in2DMode":false,"pivot":{"x":-0.44482147693634035,"y":2.0129990577697756,"z":3.621783971786499},"rotation":{"x":-0.06602150201797486,"y":-0.1257009208202362,"z":-0.008390258066356182,"w":0.9898379445075989},"size":6.918975830078125,"orthographic":false}