{"cameraMode":{"drawMode":0,"name":"Shaded","section":"Shading Mode"},"sceneLighting":false,"audioPlay":false,"sceneViewState":{"showFog":true,"showMaterialUpdate":true,"showSkybox":false,"showFlares":true,"showImageEffects":true,"showParticleSystems":true},"in2DMode":false,"pivot":{"x":-2.9802322387695315e-8,"y":0.6234497427940369,"z":-0.01657751202583313},"rotation":{"x":0.010487212799489499,"y":-0.9599477648735046,"z":0.2777615785598755,"w":0.03600570186972618},"size":2.014890670776367,"orthographic":false}