{"cameraMode":{"drawMode":0,"name":"Shaded","section":"Shading Mode"},"sceneLighting":true,"audioPlay":false,"sceneViewState":{"showFog":true,"showMaterialUpdate":true,"showSkybox":true,"showFlares":true,"showImageEffects":true,"showParticleSystems":true},"in2DMode":false,"pivot":{"x":80.73286437988281,"y":-64.6418685913086,"z":114.77877044677735},"rotation":{"x":-0.34092336893081667,"y":0.08848846703767777,"z":-0.032240964472293857,"w":-0.9354192614555359},"size":172.36878967285157,"orthographic":false}