{"cameraMode":{"drawMode":0,"name":"Shaded","section":"Shading Mode"},"sceneLighting":false,"audioPlay":false,"sceneViewState":{"showFog":true,"showMaterialUpdate":true,"showSkybox":false,"showFlares":true,"showImageEffects":true,"showParticleSystems":true},"in2DMode":false,"pivot":{"x":-0.03997999429702759,"y":0.5543725490570068,"z":0.10875184834003449},"rotation":{"x":0.08422825485467911,"y":0.04160471260547638,"z":-0.003450511721894145,"w":0.9955729246139526},"size":2.761535882949829,"orthographic":false}