{"cameraMode":{"drawMode":0,"name":"Shaded","section":"Shading Mode"},"sceneLighting":true,"audioPlay":false,"sceneViewState":{"showFog":true,"showMaterialUpdate":true,"showSkybox":true,"showFlares":true,"showImageEffects":true,"showParticleSystems":true},"in2DMode":false,"pivot":{"x":1.0322515964508057,"y":0.7941225171089172,"z":-0.771504819393158},"rotation":{"x":0.09801182895898819,"y":0.27968382835388186,"z":-0.02871478535234928,"w":0.9546481370925903},"size":3.497227191925049,"orthographic":false}