{"cameraMode":{"drawMode":0,"name":"Shaded","section":"Shading Mode"},"sceneLighting":true,"audioPlay":false,"sceneViewState":{"showFog":true,"showMaterialUpdate":true,"showSkybox":true,"showFlares":true,"showImageEffects":true,"showParticleSystems":true},"in2DMode":false,"pivot":{"x":105.36088562011719,"y":-21.60151481628418,"z":71.66175842285156},"rotation":{"x":-0.018709667026996614,"y":-0.970807671546936,"z":0.22528831660747529,"w":-0.08038543909788132},"size":61.32957077026367,"orthographic":false}