{"cameraMode":{"drawMode":0,"name":"Shaded","section":"Shading Mode"},"sceneLighting":true,"audioPlay":false,"sceneViewState":{"showFog":true,"showMaterialUpdate":true,"showSkybox":true,"showFlares":true,"showImageEffects":true,"showParticleSystems":true},"in2DMode":false,"pivot":{"x":46.648277282714847,"y":2.0505123138427736,"z":27.40882110595703},"rotation":{"x":0.08429846167564392,"y":-0.00023355877783615142,"z":0.00008950327901402488,"w":0.9964405298233032},"size":5.028940200805664,"orthographic":false}