{"cameraMode":{"drawMode":0,"name":"Shaded","section":"Shading Mode"},"sceneLighting":true,"audioPlay":false,"sceneViewState":{"showFog":true,"showMaterialUpdate":true,"showSkybox":true,"showFlares":true,"showImageEffects":true,"showParticleSystems":true},"in2DMode":false,"pivot":{"x":74.03911590576172,"y":-10.98027229309082,"z":109.9344482421875},"rotation":{"x":-0.09816192835569382,"y":0.8667381405830383,"z":-0.18855515122413636,"w":-0.4512157142162323},"size":40.73511505126953,"orthographic":false}