{"cameraMode":{"drawMode":0,"name":"Shaded","section":"Shading Mode"},"sceneLighting":true,"audioPlay":false,"sceneViewState":{"showFog":true,"showMaterialUpdate":true,"showSkybox":true,"showFlares":true,"showImageEffects":true,"showParticleSystems":true},"in2DMode":false,"pivot":{"x":23.6126708984375,"y":0.6499999761581421,"z":17.557044982910158},"rotation":{"x":-0.14180073142051698,"y":-0.5105511546134949,"z":0.08581661432981491,"w":-0.843766450881958},"size":6.250281810760498,"orthographic":false}