{"cameraMode":{"drawMode":0,"name":"Shaded","section":"Shading Mode"},"sceneLighting":false,"audioPlay":false,"sceneViewState":{"showFog":true,"showMaterialUpdate":true,"showSkybox":false,"showFlares":true,"showImageEffects":true,"showParticleSystems":true},"in2DMode":false,"pivot":{"x":0.5062175989151001,"y":0.5392758250236511,"z":0.12656933069229127},"rotation":{"x":0.10112637281417847,"y":-0.015428458340466023,"z":0.0015301178209483624,"w":0.9947716593742371},"size":18.390708923339845,"orthographic":false}