{"cameraMode":{"drawMode":0,"name":"Shaded","section":"Shading Mode"},"sceneLighting":true,"audioPlay":false,"sceneViewState":{"showFog":true,"showMaterialUpdate":true,"showSkybox":true,"showFlares":true,"showImageEffects":true,"showParticleSystems":true},"in2DMode":false,"pivot":{"x":85.4870834350586,"y":-0.3219161629676819,"z":115.97325897216797},"rotation":{"x":-0.06719066202640534,"y":0.81800377368927,"z":-0.09764611721038819,"w":-0.5628741979598999},"size":15.4320650100708,"orthographic":false}