{"cameraMode":{"drawMode":0,"name":"Shaded","section":"Shading Mode"},"sceneLighting":true,"audioPlay":false,"sceneViewState":{"showFog":true,"showMaterialUpdate":true,"showSkybox":true,"showFlares":true,"showImageEffects":true,"showParticleSystems":true},"in2DMode":false,"pivot":{"x":27.805927276611329,"y":-12.969738960266114,"z":93.64274597167969},"rotation":{"x":-0.11856412142515183,"y":0.17881153523921967,"z":-0.021628016605973245,"w":-0.9765074849128723},"size":73.32867431640625,"orthographic":false}