{"cameraMode":{"drawMode":0,"name":"Shaded","section":"Shading Mode"},"sceneLighting":false,"audioPlay":false,"sceneViewState":{"showFog":true,"showMaterialUpdate":true,"showSkybox":false,"showFlares":true,"showImageEffects":true,"showParticleSystems":true},"in2DMode":false,"pivot":{"x":0.3611566126346588,"y":4.307361602783203,"z":0.24386978149414063},"rotation":{"x":0.002469619270414114,"y":-0.994949460029602,"z":-0.09691748023033142,"w":-0.026009075343608857},"size":12.366267204284668,"orthographic":false}