{"cameraMode":{"drawMode":0,"name":"Shaded","section":"Shading Mode"},"sceneLighting":true,"audioPlay":false,"sceneViewState":{"showFog":true,"showMaterialUpdate":true,"showSkybox":true,"showFlares":true,"showImageEffects":true,"showParticleSystems":true},"in2DMode":false,"pivot":{"x":-32.52061462402344,"y":-453.9964294433594,"z":657.7222900390625},"rotation":{"x":-0.31619614362716677,"y":0.09538950771093369,"z":-0.03201695531606674,"w":-0.9434189796447754},"size":851.6319580078125,"orthographic":false}