{"cameraMode":{"drawMode":0,"name":"Shaded","section":"Shading Mode"},"sceneLighting":true,"audioPlay":false,"sceneViewState":{"showFog":true,"showMaterialUpdate":true,"showSkybox":true,"showFlares":true,"showImageEffects":true,"showParticleSystems":true},"in2DMode":false,"pivot":{"x":26.826656341552736,"y":8.970285415649414,"z":-2.978166341781616},"rotation":{"x":0.0919974222779274,"y":0.07609954476356507,"z":-0.007049919106066227,"w":0.992830216884613},"size":9.19729995727539,"orthographic":false}