{"cameraMode":{"drawMode":0,"name":"Shaded","section":"Shading Mode"},"sceneLighting":true,"audioPlay":false,"sceneViewState":{"showFog":true,"showMaterialUpdate":true,"showSkybox":true,"showFlares":true,"showImageEffects":true,"showParticleSystems":true},"in2DMode":false,"pivot":{"x":20.24673080444336,"y":3.7024683952331545,"z":24.21923828125},"rotation":{"x":0.16334667801856996,"y":0.2588743567466736,"z":-0.04447580501437187,"w":0.9509804248809815},"size":6.241369247436523,"orthographic":false}