{"cameraMode":{"drawMode":0,"name":"Shaded","section":"Shading Mode"},"sceneLighting":false,"audioPlay":false,"sceneViewState":{"showFog":true,"showMaterialUpdate":true,"showSkybox":false,"showFlares":true,"showImageEffects":true,"showParticleSystems":true},"in2DMode":false,"pivot":{"x":23.720367431640626,"y":65.99433898925781,"z":23.307952880859376},"rotation":{"x":-0.33722180128097536,"y":0.28862079977989199,"z":-0.10942450910806656,"w":-0.8894246220588684},"size":15.212413787841797,"orthographic":false}