{"cameraMode":{"drawMode":0,"name":"Shaded","section":"Shading Mode"},"sceneLighting":true,"audioPlay":false,"sceneViewState":{"showFog":true,"showMaterialUpdate":true,"showSkybox":true,"showFlares":true,"showImageEffects":true,"showParticleSystems":true},"in2DMode":false,"pivot":{"x":95.7081069946289,"y":-79.90469360351563,"z":138.9461669921875},"rotation":{"x":-0.36934933066368105,"y":-0.0022327934857457878,"z":0.0008874328341335058,"w":-0.9292884469032288},"size":174.174072265625,"orthographic":false}