{"cameraMode":{"drawMode":0,"name":"Shaded","section":"Shading Mode"},"sceneLighting":false,"audioPlay":false,"sceneViewState":{"showFog":true,"showMaterialUpdate":true,"showSkybox":false,"showFlares":true,"showImageEffects":true,"showParticleSystems":true},"in2DMode":false,"pivot":{"x":3.0592217445373537,"y":7.878204822540283,"z":0.6955510973930359},"rotation":{"x":-0.0772000104188919,"y":0.03100581280887127,"z":-0.0023237019777297975,"w":-0.996554970741272},"size":19.310396194458009,"orthographic":false}