{"cameraMode":{"drawMode":0,"name":"Shaded","section":"Shading Mode"},"sceneLighting":true,"audioPlay":false,"sceneViewState":{"showFog":true,"showMaterialUpdate":true,"showSkybox":true,"showFlares":true,"showImageEffects":true,"showParticleSystems":true},"in2DMode":false,"pivot":{"x":30.202016830444337,"y":2.2161591053009035,"z":20.37392234802246},"rotation":{"x":0.07344909757375717,"y":-0.9258103370666504,"z":0.28035464882850649,"w":0.2427070289850235},"size":14.818967819213868,"orthographic":false}