{"cameraMode":{"drawMode":0,"name":"Shaded","section":"Shading Mode"},"sceneLighting":true,"audioPlay":false,"sceneViewState":{"showFog":true,"showMaterialUpdate":true,"showSkybox":true,"showFlares":true,"showImageEffects":true,"showParticleSystems":true},"in2DMode":false,"pivot":{"x":-8.08087158203125,"y":-2.767857074737549,"z":69.37957763671875},"rotation":{"x":0.03377435356378555,"y":-0.709482729434967,"z":0.03408149629831314,"w":0.703098714351654},"size":57.887901306152347,"orthographic":false}