{"cameraMode":{"drawMode":0,"name":"Shaded","section":"Shading Mode"},"sceneLighting":true,"audioPlay":false,"sceneViewState":{"showFog":true,"showMaterialUpdate":true,"showSkybox":true,"showFlares":true,"showImageEffects":true,"showParticleSystems":true},"in2DMode":false,"pivot":{"x":38.5389404296875,"y":0.004685519263148308,"z":48.438499450683597},"rotation":{"x":-0.2458149790763855,"y":-0.018628403544425966,"z":0.004724574740976095,"w":-0.9691590070724487},"size":10.564713478088379,"orthographic":false}