{"cameraMode":{"drawMode":0,"name":"Shaded","section":"Shading Mode"},"sceneLighting":false,"audioPlay":false,"sceneViewState":{"showFog":true,"showMaterialUpdate":true,"showSkybox":false,"showFlares":true,"showImageEffects":true,"showParticleSystems":true},"in2DMode":false,"pivot":{"x":0.3942275047302246,"y":2.5801961421966554,"z":1.1179208755493165},"rotation":{"x":0.20199289917945863,"y":-0.007655660156160593,"z":0.0015732139581814409,"w":0.9793558716773987},"size":4.797844886779785,"orthographic":false}