{"cameraMode":{"drawMode":0,"name":"Shaded","section":"Shading Mode"},"sceneLighting":true,"audioPlay":false,"sceneViewState":{"showFog":true,"showMaterialUpdate":true,"showSkybox":true,"showFlares":true,"showImageEffects":true,"showParticleSystems":true},"in2DMode":false,"pivot":{"x":1.4744809865951539,"y":0.27805349230766299,"z":-1.1821708679199219},"rotation":{"x":0.09801182895898819,"y":0.27968382835388186,"z":-0.02871478535234928,"w":0.9546481370925903},"size":4.3972272872924809,"orthographic":false}