{"cameraMode":{"drawMode":0,"name":"Shaded","section":"Shading Mode"},"sceneLighting":false,"audioPlay":false,"sceneViewState":{"showFog":true,"showMaterialUpdate":true,"showSkybox":false,"showFlares":true,"showImageEffects":true,"showParticleSystems":true},"in2DMode":false,"pivot":{"x":-3.6701533794403078,"y":-2.503113031387329,"z":4.283333778381348},"rotation":{"x":0.029413195326924325,"y":-0.970602810382843,"z":0.1667182296514511,"w":0.17118504643440247},"size":25.711837768554689,"orthographic":false}