{"cameraMode":{"drawMode":0,"name":"Shaded","section":"Shading Mode"},"sceneLighting":true,"audioPlay":false,"sceneViewState":{"showFog":true,"showMaterialUpdate":true,"showSkybox":true,"showFlares":true,"showImageEffects":true,"showParticleSystems":true},"in2DMode":false,"pivot":{"x":77.26897430419922,"y":-9.813663482666016,"z":60.8868408203125},"rotation":{"x":-0.01152857393026352,"y":0.9627929329872131,"z":-0.26678115129470827,"w":-0.04161897301673889},"size":100.2820816040039,"orthographic":false}