{"cameraMode":{"drawMode":0,"name":"Shaded","section":"Shading Mode"},"sceneLighting":true,"audioPlay":false,"sceneViewState":{"showFog":true,"showMaterialUpdate":true,"showSkybox":true,"showFlares":true,"showImageEffects":true,"showParticleSystems":true},"in2DMode":false,"pivot":{"x":21.821903228759767,"y":-4.115229606628418,"z":24.59588623046875},"rotation":{"x":0.30510368943214419,"y":-0.11250852048397064,"z":0.036325644701719287,"w":0.9449567198753357},"size":15.241189002990723,"orthographic":false}