{"cameraMode":{"drawMode":0,"name":"Shaded","section":"Shading Mode"},"sceneLighting":true,"audioPlay":false,"sceneViewState":{"showFog":true,"showMaterialUpdate":true,"showSkybox":true,"showFlares":true,"showImageEffects":true,"showParticleSystems":true},"in2DMode":false,"pivot":{"x":95.33555603027344,"y":4.803674221038818,"z":126.06915283203125},"rotation":{"x":-0.004661098122596741,"y":-0.9892142415046692,"z":0.14309537410736085,"w":-0.03211282566189766},"size":4.062199115753174,"orthographic":false}