{"cameraMode":{"drawMode":0,"name":"Shaded","section":"Shading Mode"},"sceneLighting":true,"audioPlay":false,"sceneViewState":{"showFog":true,"showMaterialUpdate":true,"showSkybox":true,"showFlares":true,"showImageEffects":true,"showParticleSystems":true},"in2DMode":false,"pivot":{"x":34.187862396240237,"y":-0.831118106842041,"z":22.817720413208009},"rotation":{"x":-0.01152659859508276,"y":-0.9568955898284912,"z":0.2878008782863617,"w":-0.03824450448155403},"size":11.597293853759766,"orthographic":false}