{"cameraMode":{"drawMode":0,"name":"Shaded","section":"Shading Mode"},"sceneLighting":true,"audioPlay":false,"sceneViewState":{"showFog":true,"showMaterialUpdate":true,"showSkybox":true,"showFlares":true,"showImageEffects":true,"showParticleSystems":true},"in2DMode":false,"pivot":{"x":95.16443634033203,"y":1.1705851554870606,"z":114.41620635986328},"rotation":{"x":-0.06674294918775559,"y":0.9252174496650696,"z":-0.19315379858016969,"w":-0.31970280408859255},"size":15.930054664611817,"orthographic":false}