{"cameraMode":{"drawMode":0,"name":"Shaded","section":"Shading Mode"},"sceneLighting":true,"audioPlay":false,"sceneViewState":{"showFog":true,"showMaterialUpdate":true,"showSkybox":true,"showFlares":true,"showImageEffects":true,"showParticleSystems":true},"in2DMode":false,"pivot":{"x":38.667579650878909,"y":-6.199141502380371,"z":37.396976470947269},"rotation":{"x":0.23942860960960389,"y":0.15073172748088838,"z":-0.037655867636203769,"w":0.9584028720855713},"size":18.238525390625,"orthographic":false}