{"cameraMode":{"drawMode":0,"name":"Shaded","section":"Shading Mode"},"sceneLighting":true,"audioPlay":false,"sceneViewState":{"showFog":true,"showMaterialUpdate":true,"showSkybox":true,"showFlares":true,"showImageEffects":true,"showParticleSystems":true},"in2DMode":false,"pivot":{"x":32.18986129760742,"y":-23.93707847595215,"z":48.37063217163086},"rotation":{"x":0.33416590094566347,"y":-0.6060959696769714,"z":0.31093236804008486,"w":0.6513850688934326},"size":33.00552749633789,"orthographic":false}