{"cameraMode":{"drawMode":0,"name":"Shaded","section":"Shading Mode"},"sceneLighting":false,"audioPlay":false,"sceneViewState":{"showFog":true,"showMaterialUpdate":true,"showSkybox":false,"showFlares":true,"showImageEffects":true,"showParticleSystems":true},"in2DMode":false,"pivot":{"x":0.0695563554763794,"y":0.5034921765327454,"z":-0.0072280168533325199},"rotation":{"x":0.1629069447517395,"y":0.05598041042685509,"z":-0.009187492541968823,"w":0.9850092530250549},"size":15.54802131652832,"orthographic":false}