{"cameraMode":{"drawMode":0,"name":"Shaded","section":"Shading Mode"},"sceneLighting":true,"audioPlay":false,"sceneViewState":{"showFog":true,"showMaterialUpdate":true,"showSkybox":true,"showFlares":true,"showImageEffects":true,"showParticleSystems":true},"in2DMode":false,"pivot":{"x":303.7657775878906,"y":-154.9491424560547,"z":107.44970703125},"rotation":{"x":0.38226649165153506,"y":0.6044977903366089,"z":-0.40640923380851748,"w":0.5685887336730957},"size":292.3879699707031,"orthographic":false}