{"cameraMode":{"drawMode":0,"name":"Shaded","section":"Shading Mode"},"sceneLighting":false,"audioPlay":false,"sceneViewState":{"showFog":true,"showMaterialUpdate":true,"showSkybox":false,"showFlares":true,"showImageEffects":true,"showParticleSystems":true},"in2DMode":false,"pivot":{"x":0.0695563554763794,"y":0.5034921765327454,"z":-0.0072280168533325199},"rotation":{"x":0.013746367767453194,"y":-0.142243891954422,"z":0.0020433899480849506,"w":0.9897341132164002},"size":1.9391493797302247,"orthographic":false}