{"cameraMode":{"drawMode":0,"name":"Shaded","section":"Shading Mode"},"sceneLighting":true,"audioPlay":false,"sceneViewState":{"showFog":true,"showMaterialUpdate":true,"showSkybox":true,"showFlares":true,"showImageEffects":true,"showParticleSystems":true},"in2DMode":false,"pivot":{"x":97.48396301269531,"y":0.2466568946838379,"z":17.447561264038087},"rotation":{"x":0.022024236619472505,"y":0.9778969883918762,"z":-0.1403014063835144,"w":0.15351347625255586},"size":13.856553077697754,"orthographic":false}