{"cameraMode":{"drawMode":0,"name":"Shaded","section":"Shading Mode"},"sceneLighting":true,"audioPlay":false,"sceneViewState":{"showFog":true,"showMaterialUpdate":true,"showSkybox":true,"showFlares":true,"showImageEffects":true,"showParticleSystems":true},"in2DMode":false,"pivot":{"x":55.587276458740237,"y":-33.49273681640625,"z":65.87454223632813},"rotation":{"x":0.07297629863023758,"y":-0.9243906140327454,"z":0.22588524222373963,"w":0.2987087666988373},"size":80.48790740966797,"orthographic":false}