{"cameraMode":{"drawMode":0,"name":"Shaded","section":"Shading Mode"},"sceneLighting":true,"audioPlay":false,"sceneViewState":{"showFog":true,"showMaterialUpdate":true,"showSkybox":true,"showFlares":true,"showImageEffects":true,"showParticleSystems":true},"in2DMode":false,"pivot":{"x":24.777999877929689,"y":8.229735374450684,"z":64.54905700683594},"rotation":{"x":0.2654370367527008,"y":0.20937377214431764,"z":-0.05917816609144211,"w":0.9393494129180908},"size":-3.2977564334869386,"orthographic":false}