{"cameraMode":{"drawMode":0,"name":"Shaded","section":"Shading Mode"},"sceneLighting":true,"audioPlay":false,"sceneViewState":{"showFog":true,"showMaterialUpdate":true,"showSkybox":true,"showFlares":true,"showImageEffects":true,"showParticleSystems":true},"in2DMode":false,"pivot":{"x":17.473793029785158,"y":-17.225269317626954,"z":172.3158721923828},"rotation":{"x":-0.0772000104188919,"y":0.03100581280887127,"z":-0.0023237019777297975,"w":-0.996554970741272},"size":181.69781494140626,"orthographic":false}