{"cameraMode":{"drawMode":0,"name":"Shaded","section":"Shading Mode"},"sceneLighting":true,"audioPlay":false,"sceneViewState":{"showFog":true,"showMaterialUpdate":true,"showSkybox":true,"showFlares":true,"showImageEffects":true,"showParticleSystems":true},"in2DMode":false,"pivot":{"x":93.22167205810547,"y":-4.231992721557617,"z":106.47151184082031},"rotation":{"x":-0.0027371568139642479,"y":0.9854903221130371,"z":-0.16897206008434297,"w":-0.015965700149536134},"size":21.40709686279297,"orthographic":false}