{"cameraMode":{"drawMode":0,"name":"Shaded","section":"Shading Mode"},"sceneLighting":true,"audioPlay":false,"sceneViewState":{"showFog":true,"showMaterialUpdate":true,"showSkybox":true,"showFlares":true,"showImageEffects":true,"showParticleSystems":true},"in2DMode":false,"pivot":{"x":51.07536315917969,"y":2.0652575492858888,"z":46.891319274902347},"rotation":{"x":-0.10109386593103409,"y":-0.17634521424770356,"z":0.018209993839263917,"w":-0.9789867997169495},"size":7.447459697723389,"orthographic":false}