{"cameraMode":{"drawMode":0,"name":"Shaded","section":"Shading Mode"},"sceneLighting":false,"audioPlay":false,"sceneViewState":{"showFog":true,"showMaterialUpdate":true,"showSkybox":false,"showFlares":true,"showImageEffects":true,"showParticleSystems":true},"in2DMode":false,"pivot":{"x":0.02729511260986328,"y":0.861084520816803,"z":0.007589578628540039},"rotation":{"x":0.12926600873470307,"y":-0.57660311460495,"z":0.09296294301748276,"w":0.8013955354690552},"size":4.790700435638428,"orthographic":false}