{"cameraMode":{"drawMode":0,"name":"Shaded","section":"Shading Mode"},"sceneLighting":false,"audioPlay":false,"sceneViewState":{"showFog":true,"showMaterialUpdate":true,"showSkybox":false,"showFlares":true,"showImageEffects":true,"showParticleSystems":true},"in2DMode":false,"pivot":{"x":6.285784721374512,"y":-5.035482406616211,"z":21.361703872680665},"rotation":{"x":0.1201920434832573,"y":0.15104620158672334,"z":-0.01843431033194065,"w":0.9810228943824768},"size":24.48631477355957,"orthographic":false}