{"cameraMode":{"drawMode":0,"name":"Shaded","section":"Shading Mode"},"sceneLighting":true,"audioPlay":false,"sceneViewState":{"showFog":true,"showMaterialUpdate":true,"showSkybox":true,"showFlares":true,"showImageEffects":true,"showParticleSystems":true},"in2DMode":false,"pivot":{"x":54.23865509033203,"y":-47.64459991455078,"z":57.37763214111328},"rotation":{"x":-0.5856205821037293,"y":-0.07626491039991379,"z":0.055826280266046527,"w":-0.805102527141571},"size":144.14402770996095,"orthographic":false}