{"cameraMode":{"drawMode":0,"name":"Shaded","section":"Shading Mode"},"sceneLighting":true,"audioPlay":false,"sceneViewState":{"showFog":true,"showMaterialUpdate":true,"showSkybox":true,"showFlares":true,"showImageEffects":true,"showParticleSystems":true},"in2DMode":false,"pivot":{"x":36.9781494140625,"y":-29.374568939208986,"z":76.52857208251953},"rotation":{"x":-0.23910239338874818,"y":-0.09823175519704819,"z":0.024333856999874116,"w":-0.9657238721847534},"size":74.57808685302735,"orthographic":false}