{"cameraMode":{"drawMode":0,"name":"Shaded","section":"Shading Mode"},"sceneLighting":false,"audioPlay":false,"sceneViewState":{"showFog":true,"showMaterialUpdate":true,"showSkybox":false,"showFlares":true,"showImageEffects":true,"showParticleSystems":true},"in2DMode":false,"pivot":{"x":68.66999816894531,"y":1.090000033378601,"z":91.83000183105469},"rotation":{"x":0.029413195326924325,"y":-0.970602810382843,"z":0.1667182296514511,"w":0.17118504643440247},"size":8.506709098815918,"orthographic":false}