{"cameraMode":{"drawMode":0,"name":"Shaded","section":"Shading Mode"},"sceneLighting":true,"audioPlay":false,"sceneViewState":{"showFog":true,"showMaterialUpdate":true,"showSkybox":true,"showFlares":true,"showImageEffects":true,"showParticleSystems":true},"in2DMode":false,"pivot":{"x":18.952552795410158,"y":0.7317657470703125,"z":58.762168884277347},"rotation":{"x":-0.03958771377801895,"y":0.5128839612007141,"z":-0.023710034787654878,"w":-0.8572603464126587},"size":19.78834342956543,"orthographic":false}