{"cameraMode":{"drawMode":0,"name":"Shaded","section":"Shading Mode"},"sceneLighting":true,"audioPlay":false,"sceneViewState":{"showFog":true,"showMaterialUpdate":true,"showSkybox":true,"showFlares":true,"showImageEffects":true,"showParticleSystems":true},"in2DMode":false,"pivot":{"x":37.7093620300293,"y":-3.9196083545684816,"z":25.98885726928711},"rotation":{"x":0.019780922681093217,"y":-0.9746650457382202,"z":0.2012925148010254,"w":0.09587354212999344},"size":15.26364517211914,"orthographic":false}