{"cameraMode":{"drawMode":0,"name":"Shaded","section":"Shading Mode"},"sceneLighting":false,"audioPlay":false,"sceneViewState":{"showFog":true,"showMaterialUpdate":true,"showSkybox":false,"showFlares":true,"showImageEffects":true,"showParticleSystems":true},"in2DMode":false,"pivot":{"x":-1.7030575275421143,"y":5.416269302368164,"z":0.013929605484008789},"rotation":{"x":-0.0772000104188919,"y":0.03100581280887127,"z":-0.0023237019777297975,"w":-0.996554970741272},"size":18.441429138183595,"orthographic":false}