{"cameraMode":{"drawMode":0,"name":"Shaded","section":"Shading Mode"},"sceneLighting":true,"audioPlay":false,"sceneViewState":{"showFog":true,"showMaterialUpdate":true,"showSkybox":true,"showFlares":true,"showImageEffects":true,"showParticleSystems":true},"in2DMode":false,"pivot":{"x":31.304012298583986,"y":4.40819787979126,"z":71.47811126708985},"rotation":{"x":0.3501797318458557,"y":-0.14639434218406678,"z":0.05548354238271713,"w":0.9235999584197998},"size":116.84242248535156,"orthographic":false}