{"cameraMode":{"drawMode":0,"name":"Shaded","section":"Shading Mode"},"sceneLighting":true,"audioPlay":false,"sceneViewState":{"showFog":true,"showMaterialUpdate":true,"showSkybox":true,"showFlares":true,"showImageEffects":true,"showParticleSystems":true},"in2DMode":false,"pivot":{"x":24.483219146728517,"y":3.088787078857422,"z":17.088598251342775},"rotation":{"x":0.14931036531925202,"y":-0.04303673282265663,"z":0.006507770158350468,"w":0.9878644943237305},"size":6.494109630584717,"orthographic":false}