{"cameraMode":{"drawMode":0,"name":"Shaded","section":"Shading Mode"},"sceneLighting":false,"audioPlay":false,"sceneViewState":{"showFog":true,"showMaterialUpdate":true,"showSkybox":false,"showFlares":true,"showImageEffects":true,"showParticleSystems":true},"in2DMode":false,"pivot":{"x":21.714723587036134,"y":65.52974700927735,"z":21.344816207885743},"rotation":{"x":-0.33722180128097536,"y":0.28862079977989199,"z":-0.10942450910806656,"w":-0.8894246220588684},"size":6.288184642791748,"orthographic":false}