{"cameraMode":{"drawMode":0,"name":"Shaded","section":"Shading Mode"},"sceneLighting":false,"audioPlay":false,"sceneViewState":{"showFog":true,"showMaterialUpdate":true,"showSkybox":false,"showFlares":true,"showImageEffects":true,"showParticleSystems":true},"in2DMode":false,"pivot":{"x":96.79000091552735,"y":1.2400000095367432,"z":115.97000122070313},"rotation":{"x":0.20073319971561433,"y":0.6177732348442078,"z":-0.16719499230384828,"w":0.7416936755180359},"size":7.144710063934326,"orthographic":false}