{"cameraMode":{"drawMode":0,"name":"Shaded","section":"Shading Mode"},"sceneLighting":true,"audioPlay":false,"sceneViewState":{"showFog":true,"showMaterialUpdate":true,"showSkybox":true,"showFlares":true,"showImageEffects":true,"showParticleSystems":true},"in2DMode":false,"pivot":{"x":40.67795181274414,"y":0.6234497427940369,"z":73.07034301757813},"rotation":{"x":0.010487212799489499,"y":-0.9599477648735046,"z":0.2777615785598755,"w":0.03600570186972618},"size":6.261117458343506,"orthographic":false}