{"cameraMode":{"drawMode":0,"name":"Shaded","section":"Shading Mode"},"sceneLighting":true,"audioPlay":false,"sceneViewState":{"showFog":true,"showMaterialUpdate":true,"showSkybox":true,"showFlares":true,"showImageEffects":true,"showParticleSystems":true},"in2DMode":false,"pivot":{"x":48.128700256347659,"y":0.07808411121368408,"z":60.109283447265628},"rotation":{"x":0.03373602032661438,"y":0.9649181962013245,"z":-0.15587277710437776,"w":0.2087402492761612},"size":8.851234436035157,"orthographic":false}