{"cameraMode":{"drawMode":0,"name":"Shaded","section":"Shading Mode"},"sceneLighting":false,"audioPlay":false,"sceneViewState":{"showFog":true,"showMaterialUpdate":true,"showSkybox":false,"showFlares":true,"showImageEffects":true,"showParticleSystems":true},"in2DMode":false,"pivot":{"x":-0.4222865104675293,"y":-11.423810958862305,"z":1.6971330642700196},"rotation":{"x":0.13380539417266847,"y":-0.03914441540837288,"z":0.005250577814877033,"w":0.9902400374412537},"size":12.50633430480957,"orthographic":false}