{"cameraMode":{"drawMode":0,"name":"Shaded","section":"Shading Mode"},"sceneLighting":false,"audioPlay":false,"sceneViewState":{"showFog":true,"showMaterialUpdate":true,"showSkybox":false,"showFlares":true,"showImageEffects":true,"showParticleSystems":true},"in2DMode":false,"pivot":{"x":0.770500659942627,"y":2.927452802658081,"z":1.273445725440979},"rotation":{"x":0.20199289917945863,"y":-0.007655660156160593,"z":0.0015732139581814409,"w":0.9793558716773987},"size":9.5361967086792,"orthographic":false}