{"cameraMode":{"drawMode":0,"name":"Shaded","section":"Shading Mode"},"sceneLighting":false,"audioPlay":false,"sceneViewState":{"showFog":true,"showMaterialUpdate":true,"showSkybox":false,"showFlares":true,"showImageEffects":true,"showParticleSystems":true},"in2DMode":false,"pivot":{"x":0.032727956771850589,"y":0.3793320059776306,"z":-0.027771353721618654},"rotation":{"x":0.14538152515888215,"y":0.0012564514763653279,"z":-0.00011438210640335456,"w":0.9893749356269836},"size":1.7556920051574708,"orthographic":false}