{"cameraMode":{"drawMode":0,"name":"Shaded","section":"Shading Mode"},"sceneLighting":true,"audioPlay":false,"sceneViewState":{"showFog":true,"showMaterialUpdate":true,"showSkybox":true,"showFlares":true,"showImageEffects":true,"showParticleSystems":true},"in2DMode":false,"pivot":{"x":46.0946159362793,"y":13.097419738769532,"z":83.63960266113281},"rotation":{"x":-0.003353660926222801,"y":0.961273729801178,"z":-0.2754117548465729,"w":-0.01200766023248434},"size":58.53230667114258,"orthographic":false}