{"cameraMode":{"drawMode":0,"name":"Shaded","section":"Shading Mode"},"sceneLighting":true,"audioPlay":false,"sceneViewState":{"showFog":true,"showMaterialUpdate":true,"showSkybox":true,"showFlares":true,"showImageEffects":true,"showParticleSystems":true},"in2DMode":false,"pivot":{"x":21.992799758911134,"y":1.5345897674560547,"z":18.004104614257814},"rotation":{"x":-0.0009527991060167551,"y":-0.991493284702301,"z":-0.007781419903039932,"w":0.13013973832130433},"size":5.050281047821045,"orthographic":false}