{"cameraMode":{"drawMode":0,"name":"Shaded","section":"Shading Mode"},"sceneLighting":true,"audioPlay":false,"sceneViewState":{"showFog":true,"showMaterialUpdate":true,"showSkybox":true,"showFlares":true,"showImageEffects":true,"showParticleSystems":true},"in2DMode":false,"pivot":{"x":91.69097137451172,"y":-1.142378330230713,"z":105.4886245727539},"rotation":{"x":-0.002676109317690134,"y":0.9883460402488709,"z":-0.15120279788970948,"w":-0.017494894564151765},"size":18.875564575195314,"orthographic":false}