{"cameraMode":{"drawMode":0,"name":"Shaded","section":"Shading Mode"},"sceneLighting":true,"audioPlay":false,"sceneViewState":{"showFog":true,"showMaterialUpdate":true,"showSkybox":true,"showFlares":true,"showImageEffects":true,"showParticleSystems":true},"in2DMode":false,"pivot":{"x":99.87712097167969,"y":-70.47567749023438,"z":1.6663360595703126},"rotation":{"x":0.007939107716083527,"y":0.9608475565910339,"z":-0.2755778431892395,"w":0.02768099680542946},"size":154.8900909423828,"orthographic":false}