{"cameraMode":{"drawMode":0,"name":"Shaded","section":"Shading Mode"},"sceneLighting":true,"audioPlay":false,"sceneViewState":{"showFog":true,"showMaterialUpdate":true,"showSkybox":true,"showFlares":true,"showImageEffects":true,"showParticleSystems":true},"in2DMode":false,"pivot":{"x":87.85086059570313,"y":4.135494232177734,"z":82.78339385986328},"rotation":{"x":-0.01152857393026352,"y":0.9627929329872131,"z":-0.26678115129470827,"w":-0.04161897301673889},"size":88.26133728027344,"orthographic":false}