{"cameraMode":{"drawMode":0,"name":"Shaded","section":"Shading Mode"},"sceneLighting":true,"audioPlay":false,"sceneViewState":{"showFog":true,"showMaterialUpdate":true,"showSkybox":true,"showFlares":true,"showImageEffects":true,"showParticleSystems":true},"in2DMode":false,"pivot":{"x":53.664119720458987,"y":-53.73554992675781,"z":38.3306884765625},"rotation":{"x":-0.5856205821037293,"y":-0.07626491039991379,"z":0.055826280266046527,"w":-0.805102527141571},"size":98.09765625,"orthographic":false}