{"cameraMode":{"drawMode":0,"name":"Shaded","section":"Shading Mode"},"sceneLighting":true,"audioPlay":false,"sceneViewState":{"showFog":true,"showMaterialUpdate":true,"showSkybox":true,"showFlares":true,"showImageEffects":true,"showParticleSystems":true},"in2DMode":false,"pivot":{"x":84.03431701660156,"y":-6.867608070373535,"z":20.506738662719728},"rotation":{"x":0.0019552104640752079,"y":0.9265035390853882,"z":-0.3764088451862335,"w":0.004641730338335037},"size":306.1109313964844,"orthographic":false}