{"cameraMode":{"drawMode":0,"name":"Shaded","section":"Shading Mode"},"sceneLighting":true,"audioPlay":false,"sceneViewState":{"showFog":true,"showMaterialUpdate":true,"showSkybox":true,"showFlares":true,"showImageEffects":true,"showParticleSystems":true},"in2DMode":false,"pivot":{"x":137.76022338867188,"y":-29.603546142578126,"z":28.715225219726564},"rotation":{"x":0.032817572355270389,"y":0.9650560021400452,"z":-0.14734569191932679,"w":0.21430599689483643},"size":108.09300231933594,"orthographic":false}