{"cameraMode":{"drawMode":0,"name":"Shaded","section":"Shading Mode"},"sceneLighting":false,"audioPlay":false,"sceneViewState":{"showFog":true,"showMaterialUpdate":true,"showSkybox":false,"showFlares":true,"showImageEffects":true,"showParticleSystems":true},"in2DMode":false,"pivot":{"x":-0.15401554107666017,"y":2.6421518325805666,"z":-0.11139345169067383},"rotation":{"x":0.24292044341564179,"y":-0.013402462936937809,"z":0.0033517347183078529,"w":0.9699504971504211},"size":6.533485412597656,"orthographic":false}