{"cameraMode":{"drawMode":0,"name":"Shaded","section":"Shading Mode"},"sceneLighting":true,"audioPlay":false,"sceneViewState":{"showFog":true,"showMaterialUpdate":true,"showSkybox":true,"showFlares":true,"showImageEffects":true,"showParticleSystems":true},"in2DMode":false,"pivot":{"x":37.2646484375,"y":-0.29573315382003786,"z":26.843809127807618},"rotation":{"x":-0.10371019691228867,"y":-0.6514041423797607,"z":0.0904279351234436,"w":-0.7461885809898377},"size":3.3000590801239015,"orthographic":false}