{"cameraMode":{"drawMode":0,"name":"Shaded","section":"Shading Mode"},"sceneLighting":true,"audioPlay":false,"sceneViewState":{"showFog":true,"showMaterialUpdate":true,"showSkybox":true,"showFlares":true,"showImageEffects":true,"showParticleSystems":true},"in2DMode":false,"pivot":{"x":96.32365417480469,"y":-2.315305709838867,"z":112.40837860107422},"rotation":{"x":-0.011802872642874718,"y":-0.9511575102806091,"z":0.3064228594303131,"w":-0.03658919036388397},"size":20.696533203125,"orthographic":false}