{"cameraMode":{"drawMode":0,"name":"Shaded","section":"Shading Mode"},"sceneLighting":true,"audioPlay":false,"sceneViewState":{"showFog":true,"showMaterialUpdate":true,"showSkybox":true,"showFlares":true,"showImageEffects":true,"showParticleSystems":true},"in2DMode":false,"pivot":{"x":1.6353665590286255,"y":0.5405668020248413,"z":-0.6321033239364624},"rotation":{"x":-0.07304472476243973,"y":-0.17745794355869294,"z":0.013288097456097603,"w":-0.981349527835846},"size":1.869438648223877,"orthographic":false}