{"cameraMode":{"drawMode":0,"name":"Shaded","section":"Shading Mode"},"sceneLighting":true,"audioPlay":false,"sceneViewState":{"showFog":true,"showMaterialUpdate":true,"showSkybox":true,"showFlares":true,"showImageEffects":true,"showParticleSystems":true},"in2DMode":false,"pivot":{"x":31.818603515625,"y":-3.0475823879241945,"z":33.752986907958987},"rotation":{"x":-0.16464081406593324,"y":0.6038985848426819,"z":-0.12916207313537599,"w":-0.7691444158554077},"size":55.627349853515628,"orthographic":false}