{"cameraMode":{"drawMode":0,"name":"Shaded","section":"Shading Mode"},"sceneLighting":false,"audioPlay":false,"sceneViewState":{"showFog":true,"showMaterialUpdate":true,"showSkybox":false,"showFlares":true,"showImageEffects":true,"showParticleSystems":true},"in2DMode":false,"pivot":{"x":15.844975471496582,"y":59.34352111816406,"z":24.216060638427736},"rotation":{"x":-0.19939298927783967,"y":0.5100595951080322,"z":-0.12287326902151108,"w":-0.8276815414428711},"size":15.581626892089844,"orthographic":false}