{"cameraMode":{"drawMode":0,"name":"Shaded","section":"Shading Mode"},"sceneLighting":false,"audioPlay":false,"sceneViewState":{"showFog":true,"showMaterialUpdate":true,"showSkybox":false,"showFlares":true,"showImageEffects":true,"showParticleSystems":true},"in2DMode":false,"pivot":{"x":-0.15401554107666017,"y":2.641507625579834,"z":-0.11139369010925293},"rotation":{"x":0.0004479654598981142,"y":0.9994779229164124,"z":0.029593806713819505,"w":-0.012956022284924984},"size":13.650066375732422,"orthographic":false}