{"cameraMode":{"drawMode":0,"name":"Shaded","section":"Shading Mode"},"sceneLighting":true,"audioPlay":false,"sceneViewState":{"showFog":true,"showMaterialUpdate":true,"showSkybox":true,"showFlares":true,"showImageEffects":true,"showParticleSystems":true},"in2DMode":false,"pivot":{"x":25.31417465209961,"y":0.5073280930519104,"z":18.59492301940918},"rotation":{"x":-0.2756195366382599,"y":-0.022191453725099565,"z":0.006367203313857317,"w":-0.9609947800636292},"size":9.331286430358887,"orthographic":false}