{"cameraMode":{"drawMode":0,"name":"Shaded","section":"Shading Mode"},"sceneLighting":false,"audioPlay":false,"sceneViewState":{"showFog":true,"showMaterialUpdate":true,"showSkybox":false,"showFlares":true,"showImageEffects":true,"showParticleSystems":true},"in2DMode":false,"pivot":{"x":-4.25368595123291,"y":7.9196624755859379,"z":-0.06609869003295899},"rotation":{"x":0.0014240470482036472,"y":-0.995837390422821,"z":-0.09020750969648361,"w":-0.01492301095277071},"size":22.1799373626709,"orthographic":false}