{"cameraMode":{"drawMode":0,"name":"Shaded","section":"Shading Mode"},"sceneLighting":false,"audioPlay":false,"sceneViewState":{"showFog":true,"showMaterialUpdate":true,"showSkybox":false,"showFlares":true,"showImageEffects":true,"showParticleSystems":true},"in2DMode":false,"pivot":{"x":1.1590852737426758,"y":-3.93595552444458,"z":19.359413146972658},"rotation":{"x":0.11225448548793793,"y":0.019338132813572885,"z":-0.002183822914958,"w":0.9935216903686523},"size":30.157405853271486,"orthographic":false}