{"cameraMode":{"drawMode":0,"name":"Shaded","section":"Shading Mode"},"sceneLighting":false,"audioPlay":false,"sceneViewState":{"showFog":true,"showMaterialUpdate":true,"showSkybox":false,"showFlares":true,"showImageEffects":true,"showParticleSystems":true},"in2DMode":false,"pivot":{"x":-1.3086997270584107,"y":-2.631397247314453,"z":-1.5076613426208497},"rotation":{"x":-0.09514778852462769,"y":-0.01980447769165039,"z":0.0019718327093869449,"w":-0.9952896237373352},"size":23.316394805908204,"orthographic":false}