{"cameraMode":{"drawMode":0,"name":"Shaded","section":"Shading Mode"},"sceneLighting":true,"audioPlay":false,"sceneViewState":{"showFog":true,"showMaterialUpdate":true,"showSkybox":false,"showFlares":true,"showImageEffects":true,"showParticleSystems":true},"in2DMode":false,"pivot":{"x":24.299999237060548,"y":0.9200000166893005,"z":18.899999618530275},"rotation":{"x":-0.14180073142051698,"y":-0.5105511546134949,"z":0.08581661432981491,"w":-0.843766450881958},"size":1.4289419651031495,"orthographic":false}