{"cameraMode":{"drawMode":0,"name":"Shaded","section":"Shading Mode"},"sceneLighting":true,"audioPlay":false,"sceneViewState":{"showFog":true,"showMaterialUpdate":true,"showSkybox":true,"showFlares":true,"showImageEffects":true,"showParticleSystems":true},"in2DMode":false,"pivot":{"x":42.9205207824707,"y":0.5646142959594727,"z":27.75975227355957},"rotation":{"x":-0.11276561766862869,"y":-0.8739907741546631,"z":0.2429654747247696,"w":-0.4055439233779907},"size":20.275592803955079,"orthographic":false}