{"cameraMode":{"drawMode":0,"name":"Shaded","section":"Shading Mode"},"sceneLighting":false,"audioPlay":false,"sceneViewState":{"showFog":true,"showMaterialUpdate":true,"showSkybox":false,"showFlares":true,"showImageEffects":true,"showParticleSystems":true},"in2DMode":false,"pivot":{"x":-0.21680153906345368,"y":0.5035296082496643,"z":0.17274080216884614},"rotation":{"x":0.07225623726844788,"y":0.04762164503335953,"z":-0.0033842797856777908,"w":0.996242880821228},"size":4.876367092132568,"orthographic":false}