{"cameraMode":{"drawMode":0,"name":"Shaded","section":"Shading Mode"},"sceneLighting":true,"audioPlay":false,"sceneViewState":{"showFog":true,"showMaterialUpdate":true,"showSkybox":true,"showFlares":true,"showImageEffects":true,"showParticleSystems":true},"in2DMode":false,"pivot":{"x":89.19760131835938,"y":-34.345401763916019,"z":20.905792236328126},"rotation":{"x":-0.004101034253835678,"y":0.9690380692481995,"z":-0.24643798172473908,"w":-0.016463665291666986},"size":135.05516052246095,"orthographic":false}