{"cameraMode":{"drawMode":0,"name":"Shaded","section":"Shading Mode"},"sceneLighting":true,"audioPlay":false,"sceneViewState":{"showFog":true,"showMaterialUpdate":true,"showSkybox":true,"showFlares":true,"showImageEffects":true,"showParticleSystems":true},"in2DMode":false,"pivot":{"x":46.469337463378909,"y":-2.4627933502197267,"z":93.71601104736328},"rotation":{"x":-0.2273288369178772,"y":0.26004475355148318,"z":-0.06309612840414047,"w":-0.9363651871681213},"size":85.84233856201172,"orthographic":false}