{"cameraMode":{"drawMode":0,"name":"Shaded","section":"Shading Mode"},"sceneLighting":false,"audioPlay":false,"sceneViewState":{"showFog":true,"showMaterialUpdate":true,"showSkybox":false,"showFlares":true,"showImageEffects":true,"showParticleSystems":true},"in2DMode":false,"pivot":{"x":4.149833679199219,"y":7.955588340759277,"z":1.7639541625976563},"rotation":{"x":0.10112637281417847,"y":-0.015428458340466023,"z":0.0015301178209483624,"w":0.9947716593742371},"size":27.659664154052736,"orthographic":false}