{"cameraMode":{"drawMode":0,"name":"Shaded","section":"Shading Mode"},"sceneLighting":true,"audioPlay":false,"sceneViewState":{"showFog":true,"showMaterialUpdate":true,"showSkybox":true,"showFlares":true,"showImageEffects":true,"showParticleSystems":true},"in2DMode":false,"pivot":{"x":55.6556396484375,"y":21.676223754882814,"z":29.546918869018556},"rotation":{"x":0.14793212711811067,"y":-0.0192481130361557,"z":0.0030800169333815576,"w":0.9888732433319092},"size":63.43541717529297,"orthographic":false}