{"cameraMode":{"drawMode":0,"name":"Shaded","section":"Shading Mode"},"sceneLighting":false,"audioPlay":false,"sceneViewState":{"showFog":true,"showMaterialUpdate":true,"showSkybox":false,"showFlares":true,"showImageEffects":true,"showParticleSystems":true},"in2DMode":false,"pivot":{"x":0.8902535438537598,"y":2.030428886413574,"z":-0.23042798042297364},"rotation":{"x":0.129512220621109,"y":-0.018160955980420114,"z":0.002367665758356452,"w":0.9914112091064453},"size":2.972470760345459,"orthographic":false}