{"cameraMode":{"drawMode":0,"name":"Shaded","section":"Shading Mode"},"sceneLighting":true,"audioPlay":false,"sceneViewState":{"showFog":true,"showMaterialUpdate":true,"showSkybox":true,"showFlares":true,"showImageEffects":true,"showParticleSystems":true},"in2DMode":false,"pivot":{"x":15.915637969970704,"y":0.041272640228271487,"z":52.96730041503906},"rotation":{"x":-0.03958771377801895,"y":0.5128839612007141,"z":-0.023710034787654878,"w":-0.8572603464126587},"size":19.949443817138673,"orthographic":false}