{"cameraMode":{"drawMode":0,"name":"Shaded","section":"Shading Mode"},"sceneLighting":true,"audioPlay":false,"sceneViewState":{"showFog":true,"showMaterialUpdate":true,"showSkybox":true,"showFlares":true,"showImageEffects":true,"showParticleSystems":true},"in2DMode":false,"pivot":{"x":94.84793090820313,"y":2.4685049057006838,"z":126.72891235351563},"rotation":{"x":-0.004661098122596741,"y":-0.9892142415046692,"z":0.14309537410736085,"w":-0.03211282566189766},"size":8.307141304016114,"orthographic":false}