{"cameraMode":{"drawMode":0,"name":"Shaded","section":"Shading Mode"},"sceneLighting":false,"audioPlay":false,"sceneViewState":{"showFog":true,"showMaterialUpdate":true,"showSkybox":false,"showFlares":true,"showImageEffects":true,"showParticleSystems":true},"in2DMode":false,"pivot":{"x":-1.4822604656219483,"y":2.1910953521728517,"z":-0.2745966613292694},"rotation":{"x":0.129512220621109,"y":-0.018160955980420114,"z":0.002367665758356452,"w":0.9914112091064453},"size":5.636656284332275,"orthographic":false}