{"cameraMode":{"drawMode":0,"name":"Shaded","section":"Shading Mode"},"sceneLighting":true,"audioPlay":false,"sceneViewState":{"showFog":true,"showMaterialUpdate":true,"showSkybox":true,"showFlares":true,"showImageEffects":true,"showParticleSystems":true},"in2DMode":false,"pivot":{"x":30.73818016052246,"y":8.249961853027344,"z":36.23568344116211},"rotation":{"x":-0.14180073142051698,"y":-0.5105511546134949,"z":0.08581661432981491,"w":-0.843766450881958},"size":4.013084411621094,"orthographic":false}