{"cameraMode":{"drawMode":0,"name":"Shaded","section":"Shading Mode"},"sceneLighting":false,"audioPlay":false,"sceneViewState":{"showFog":true,"showMaterialUpdate":true,"showSkybox":false,"showFlares":true,"showImageEffects":true,"showParticleSystems":true},"in2DMode":false,"pivot":{"x":-0.3189380168914795,"y":0.6106338500976563,"z":0.15923744440078736},"rotation":{"x":0.07225643843412399,"y":0.047621775418519977,"z":-0.003384289098903537,"w":0.9962456226348877},"size":2.8248844146728517,"orthographic":false}