{"cameraMode":{"drawMode":0,"name":"Shaded","section":"Shading Mode"},"sceneLighting":false,"audioPlay":false,"sceneViewState":{"showFog":true,"showMaterialUpdate":true,"showSkybox":false,"showFlares":true,"showImageEffects":true,"showParticleSystems":true},"in2DMode":false,"pivot":{"x":0.15477795898914338,"y":0.3888869285583496,"z":-0.1173478290438652},"rotation":{"x":0.16290727257728578,"y":0.05598052218556404,"z":-0.009187511168420315,"w":0.9850112199783325},"size":5.297264099121094,"orthographic":false}