{"cameraMode":{"drawMode":0,"name":"Shaded","section":"Shading Mode"},"sceneLighting":true,"audioPlay":false,"sceneViewState":{"showFog":true,"showMaterialUpdate":true,"showSkybox":true,"showFlares":true,"showImageEffects":true,"showParticleSystems":true},"in2DMode":false,"pivot":{"x":26.5151309967041,"y":5.5069684982299809,"z":14.54512882232666},"rotation":{"x":0.06557542830705643,"y":0.14318349957466126,"z":-0.00950849149376154,"w":0.9874782562255859},"size":79.04586791992188,"orthographic":false}