{"cameraMode":{"drawMode":0,"name":"Shaded","section":"Shading Mode"},"sceneLighting":true,"audioPlay":false,"sceneViewState":{"showFog":true,"showMaterialUpdate":true,"showSkybox":true,"showFlares":true,"showImageEffects":true,"showParticleSystems":true},"in2DMode":false,"pivot":{"x":42.8651237487793,"y":-8.468997955322266,"z":45.43102264404297},"rotation":{"x":0.0003524517815094441,"y":-0.917582094669342,"z":0.39760860800743105,"w":0.0008568361517973244},"size":47.15021514892578,"orthographic":false}