{"cameraMode":{"drawMode":0,"name":"Shaded","section":"Shading Mode"},"sceneLighting":false,"audioPlay":false,"sceneViewState":{"showFog":true,"showMaterialUpdate":true,"showSkybox":false,"showFlares":true,"showImageEffects":true,"showParticleSystems":true},"in2DMode":false,"pivot":{"x":-142.13128662109376,"y":12.776209831237793,"z":212.38124084472657},"rotation":{"x":-0.06114376708865166,"y":0.8198260068893433,"z":-0.08914405107498169,"w":-0.5623177886009216},"size":111.2636947631836,"orthographic":false}