{"cameraMode":{"drawMode":0,"name":"Shaded","section":"Shading Mode"},"sceneLighting":false,"audioPlay":false,"sceneViewState":{"showFog":true,"showMaterialUpdate":true,"showSkybox":false,"showFlares":true,"showImageEffects":true,"showParticleSystems":true},"in2DMode":false,"pivot":{"x":97.02999877929688,"y":1.090000033378601,"z":127.66000366210938},"rotation":{"x":-0.0009527991060167551,"y":-0.991493284702301,"z":-0.007781419903039932,"w":0.13013973832130433},"size":12.660858154296875,"orthographic":false}