{"cameraMode":{"drawMode":0,"name":"Shaded","section":"Shading Mode"},"sceneLighting":true,"audioPlay":false,"sceneViewState":{"showFog":true,"showMaterialUpdate":true,"showSkybox":true,"showFlares":true,"showImageEffects":true,"showParticleSystems":true},"in2DMode":false,"pivot":{"x":-2.784404993057251,"y":1.8665101528167725,"z":11.204572677612305},"rotation":{"x":-0.001498691737651825,"y":-0.0016897207824513317,"z":-0.00000468983807877521,"w":-1.0000393390655518},"size":7.0102715492248539,"orthographic":false}