{"cameraMode":{"drawMode":0,"name":"Shaded","section":"Shading Mode"},"sceneLighting":false,"audioPlay":false,"sceneViewState":{"showFog":true,"showMaterialUpdate":true,"showSkybox":false,"showFlares":true,"showImageEffects":true,"showParticleSystems":true},"in2DMode":false,"pivot":{"x":-0.15401554107666017,"y":2.641507625579834,"z":-0.11139369010925293},"rotation":{"x":0.002469623927026987,"y":-0.9949513673782349,"z":-0.09691766649484635,"w":-0.026009125635027887},"size":6.519636154174805,"orthographic":false}