{"cameraMode":{"drawMode":0,"name":"Shaded","section":"Shading Mode"},"sceneLighting":true,"audioPlay":false,"sceneViewState":{"showFog":true,"showMaterialUpdate":true,"showSkybox":true,"showFlares":true,"showImageEffects":true,"showParticleSystems":true},"in2DMode":false,"pivot":{"x":94.45856475830078,"y":-16.4249267578125,"z":46.125396728515628},"rotation":{"x":0.0013536287005990744,"y":-0.9922782778739929,"z":0.12383806705474854,"w":0.010963024571537972},"size":79.99992370605469,"orthographic":false}