{"cameraMode":{"drawMode":0,"name":"Shaded","section":"Shading Mode"},"sceneLighting":false,"audioPlay":false,"sceneViewState":{"showFog":true,"showMaterialUpdate":true,"showSkybox":false,"showFlares":true,"showImageEffects":true,"showParticleSystems":true},"in2DMode":false,"pivot":{"x":0.06804203987121582,"y":0.831046462059021,"z":0.158025860786438},"rotation":{"x":0.15614593029022218,"y":-0.34430551528930666,"z":0.058149900287389758,"w":0.9239842295646668},"size":4.810738563537598,"orthographic":false}