{"cameraMode":{"drawMode":0,"name":"Shaded","section":"Shading Mode"},"sceneLighting":true,"audioPlay":false,"sceneViewState":{"showFog":true,"showMaterialUpdate":true,"showSkybox":true,"showFlares":true,"showImageEffects":true,"showParticleSystems":true},"in2DMode":false,"pivot":{"x":5.196466445922852,"y":-0.37043166160583498,"z":8.042552947998047},"rotation":{"x":0.09801182895898819,"y":0.27968382835388186,"z":-0.02871478535234928,"w":0.9546481370925903},"size":11.57974624633789,"orthographic":false}