{"cameraMode":{"drawMode":0,"name":"Shaded","section":"Shading Mode"},"sceneLighting":true,"audioPlay":false,"sceneViewState":{"showFog":true,"showMaterialUpdate":true,"showSkybox":true,"showFlares":true,"showImageEffects":true,"showParticleSystems":true},"in2DMode":false,"pivot":{"x":76.95507049560547,"y":5.332141876220703,"z":120.67459106445313},"rotation":{"x":-0.08688846230506897,"y":0.9127844572067261,"z":-0.2947162389755249,"w":-0.2691083252429962},"size":43.08510971069336,"orthographic":false}