{"cameraMode":{"drawMode":0,"name":"Shaded","section":"Shading Mode"},"sceneLighting":false,"audioPlay":false,"sceneViewState":{"showFog":true,"showMaterialUpdate":true,"showSkybox":false,"showFlares":true,"showImageEffects":true,"showParticleSystems":true},"in2DMode":false,"pivot":{"x":15.7195405960083,"y":59.65953063964844,"z":24.326406478881837},"rotation":{"x":-0.19939298927783967,"y":0.5100595951080322,"z":-0.12287326902151108,"w":-0.8276815414428711},"size":13.260536193847657,"orthographic":false}