{"cameraMode":{"drawMode":0,"name":"Shaded","section":"Shading Mode"},"sceneLighting":true,"audioPlay":false,"sceneViewState":{"showFog":true,"showMaterialUpdate":true,"showSkybox":true,"showFlares":true,"showImageEffects":true,"showParticleSystems":true},"in2DMode":false,"pivot":{"x":28.24134635925293,"y":1.4984878301620484,"z":31.033790588378908},"rotation":{"x":-0.0062363026663661,"y":-0.1515006721019745,"z":0.0009572645649313927,"w":-0.9884418845176697},"size":15.82446575164795,"orthographic":false}