{"cameraMode":{"drawMode":0,"name":"Shaded","section":"Shading Mode"},"sceneLighting":true,"audioPlay":false,"sceneViewState":{"showFog":true,"showMaterialUpdate":true,"showSkybox":true,"showFlares":true,"showImageEffects":true,"showParticleSystems":true},"in2DMode":false,"pivot":{"x":28.11746597290039,"y":1.5506435632705689,"z":33.31232833862305},"rotation":{"x":-0.09514778852462769,"y":-0.01980447769165039,"z":0.0019718327093869449,"w":-0.9952896237373352},"size":25.18627166748047,"orthographic":false}