{"cameraMode":{"drawMode":0,"name":"Shaded","section":"Shading Mode"},"sceneLighting":true,"audioPlay":false,"sceneViewState":{"showFog":true,"showMaterialUpdate":true,"showSkybox":true,"showFlares":true,"showImageEffects":true,"showParticleSystems":true},"in2DMode":false,"pivot":{"x":53.91526794433594,"y":1.7923723459243775,"z":26.812732696533204},"rotation":{"x":0.32305315136909487,"y":-0.11498362571001053,"z":0.03957034647464752,"w":0.9385566711425781},"size":4.794047832489014,"orthographic":false}