{"cameraMode":{"drawMode":0,"name":"Shaded","section":"Shading Mode"},"sceneLighting":false,"audioPlay":false,"sceneViewState":{"showFog":true,"showMaterialUpdate":true,"showSkybox":false,"showFlares":true,"showImageEffects":true,"showParticleSystems":true},"in2DMode":false,"pivot":{"x":0.14896711707115174,"y":5.489237308502197,"z":0.0026385625824332239},"rotation":{"x":-0.09514778852462769,"y":-0.01980447769165039,"z":0.0019718327093869449,"w":-0.9952896237373352},"size":15.388299942016602,"orthographic":false}