{"cameraMode":{"drawMode":0,"name":"Shaded","section":"Shading Mode"},"sceneLighting":true,"audioPlay":false,"sceneViewState":{"showFog":true,"showMaterialUpdate":true,"showSkybox":true,"showFlares":true,"showImageEffects":true,"showParticleSystems":true},"in2DMode":false,"pivot":{"x":34.43402099609375,"y":0.28638243675231936,"z":26.67463493347168},"rotation":{"x":-0.011802872642874718,"y":-0.9511575102806091,"z":0.3064228594303131,"w":-0.03658919036388397},"size":5.324270248413086,"orthographic":false}