{"cameraMode":{"drawMode":0,"name":"Shaded","section":"Shading Mode"},"sceneLighting":true,"audioPlay":false,"sceneViewState":{"showFog":true,"showMaterialUpdate":true,"showSkybox":true,"showFlares":true,"showImageEffects":true,"showParticleSystems":true},"in2DMode":false,"pivot":{"x":24.97809600830078,"y":-81.1756591796875,"z":-61.11660385131836},"rotation":{"x":0.0033538537099957468,"y":-0.9026321768760681,"z":0.43035492300987246,"w":0.007037293165922165},"size":157.9571533203125,"orthographic":false}