{"cameraMode":{"drawMode":0,"name":"Shaded","section":"Shading Mode"},"sceneLighting":true,"audioPlay":false,"sceneViewState":{"showFog":true,"showMaterialUpdate":true,"showSkybox":true,"showFlares":true,"showImageEffects":true,"showParticleSystems":true},"in2DMode":false,"pivot":{"x":43.179168701171878,"y":4.532959461212158,"z":38.341651916503909},"rotation":{"x":-0.09664925187826157,"y":-0.015302649699151516,"z":0.0016795364208519459,"w":-0.995241105556488},"size":18.574047088623048,"orthographic":false}