{"cameraMode":{"drawMode":0,"name":"Shaded","section":"Shading Mode"},"sceneLighting":true,"audioPlay":false,"sceneViewState":{"showFog":true,"showMaterialUpdate":true,"showSkybox":true,"showFlares":true,"showImageEffects":true,"showParticleSystems":true},"in2DMode":false,"pivot":{"x":-0.1818016916513443,"y":1.494430661201477,"z":-1.217362880706787},"rotation":{"x":-0.061991430819034579,"y":-0.7987943887710571,"z":0.0838930606842041,"w":-0.5925604104995728},"size":3.7834343910217287,"orthographic":false}