{"cameraMode":{"drawMode":0,"name":"Shaded","section":"Shading Mode"},"sceneLighting":true,"audioPlay":false,"sceneViewState":{"showFog":true,"showMaterialUpdate":true,"showSkybox":true,"showFlares":true,"showImageEffects":true,"showParticleSystems":true},"in2DMode":false,"pivot":{"x":40.784915924072269,"y":8.753271102905274,"z":22.8970947265625},"rotation":{"x":-0.25150904059410097,"y":0.03508584946393967,"z":-0.009213905781507492,"w":-0.9672347903251648},"size":10.06485366821289,"orthographic":false}