{"cameraMode":{"drawMode":0,"name":"Shaded","section":"Shading Mode"},"sceneLighting":true,"audioPlay":false,"sceneViewState":{"showFog":true,"showMaterialUpdate":true,"showSkybox":true,"showFlares":true,"showImageEffects":true,"showParticleSystems":true},"in2DMode":false,"pivot":{"x":35.35268020629883,"y":1.7853565216064454,"z":22.443889617919923},"rotation":{"x":0.06533611565828324,"y":0.022763468325138093,"z":-0.0014901795657351614,"w":0.9976285099983215},"size":5.736914157867432,"orthographic":false}