{"cameraMode":{"drawMode":0,"name":"Shaded","section":"Shading Mode"},"sceneLighting":true,"audioPlay":false,"sceneViewState":{"showFog":true,"showMaterialUpdate":true,"showSkybox":true,"showFlares":true,"showImageEffects":true,"showParticleSystems":true},"in2DMode":false,"pivot":{"x":5.336345672607422,"y":-1.9693540334701539,"z":56.91991424560547},"rotation":{"x":0.02939468063414097,"y":0.00930700358003378,"z":-0.00030111882369965315,"w":0.999610960483551},"size":61.788665771484378,"orthographic":false}