{"cameraMode":{"drawMode":0,"name":"Shaded","section":"Shading Mode"},"sceneLighting":false,"audioPlay":false,"sceneViewState":{"showFog":true,"showMaterialUpdate":true,"showSkybox":false,"showFlares":true,"showImageEffects":true,"showParticleSystems":true},"in2DMode":false,"pivot":{"x":3.1853554248809816,"y":7.44167423248291,"z":0.2588162422180176},"rotation":{"x":-0.09514778852462769,"y":-0.01980447769165039,"z":0.0019718327093869449,"w":-0.9952896237373352},"size":17.909841537475587,"orthographic":false}