{"cameraMode":{"drawMode":0,"name":"Shaded","section":"Shading Mode"},"sceneLighting":false,"audioPlay":false,"sceneViewState":{"showFog":true,"showMaterialUpdate":true,"showSkybox":false,"showFlares":true,"showImageEffects":true,"showParticleSystems":true},"in2DMode":false,"pivot":{"x":20.279592514038087,"y":65.03730773925781,"z":19.914100646972658},"rotation":{"x":-0.1376548856496811,"y":-0.10647934675216675,"z":0.01488812267780304,"w":-0.9846628904342651},"size":3.4949989318847658,"orthographic":false}