{"cameraMode":{"drawMode":0,"name":"Shaded","section":"Shading Mode"},"sceneLighting":true,"audioPlay":false,"sceneViewState":{"showFog":true,"showMaterialUpdate":true,"showSkybox":true,"showFlares":true,"showImageEffects":true,"showParticleSystems":true},"in2DMode":false,"pivot":{"x":11.972634315490723,"y":-1.1072213649749756,"z":3.5177345275878908},"rotation":{"x":0.09801182895898819,"y":0.27968382835388186,"z":-0.02871478535234928,"w":0.9546481370925903},"size":9.926739692687989,"orthographic":false}