{"cameraMode":{"drawMode":0,"name":"Shaded","section":"Shading Mode"},"sceneLighting":false,"audioPlay":false,"sceneViewState":{"showFog":true,"showMaterialUpdate":true,"showSkybox":false,"showFlares":true,"showImageEffects":true,"showParticleSystems":true},"in2DMode":false,"pivot":{"x":0.03541004657745361,"y":1.0394489765167237,"z":0.0827791690826416},"rotation":{"x":0.15614593029022218,"y":-0.34430551528930666,"z":0.058149900287389758,"w":0.9239842295646668},"size":7.204734802246094,"orthographic":false}