{"cameraMode":{"drawMode":0,"name":"Shaded","section":"Shading Mode"},"sceneLighting":false,"audioPlay":false,"sceneViewState":{"showFog":true,"showMaterialUpdate":true,"showSkybox":false,"showFlares":true,"showImageEffects":true,"showParticleSystems":true},"in2DMode":false,"pivot":{"x":-3.7900390625,"y":1.07098388671875,"z":11.289999961853028},"rotation":{"x":0.07432986050844193,"y":0.006296279840171337,"z":-0.0004686717293225229,"w":0.9972397089004517},"size":3.6895124912261965,"orthographic":false}