{"cameraMode":{"drawMode":0,"name":"Shaded","section":"Shading Mode"},"sceneLighting":true,"audioPlay":false,"sceneViewState":{"showFog":true,"showMaterialUpdate":true,"showSkybox":true,"showFlares":true,"showImageEffects":true,"showParticleSystems":true},"in2DMode":false,"pivot":{"x":81.21355438232422,"y":-23.92795753479004,"z":95.81619262695313},"rotation":{"x":-0.07937350124120712,"y":0.9097543358802795,"z":-0.35213783383369448,"w":-0.2050623893737793},"size":53.576751708984378,"orthographic":false}