{"cameraMode":{"drawMode":0,"name":"Shaded","section":"Shading Mode"},"sceneLighting":true,"audioPlay":false,"sceneViewState":{"showFog":true,"showMaterialUpdate":true,"showSkybox":true,"showFlares":true,"showImageEffects":true,"showParticleSystems":true},"in2DMode":false,"pivot":{"x":71.81060791015625,"y":1.8344793319702149,"z":47.95578384399414},"rotation":{"x":0.11830010265111923,"y":0.8789584636688232,"z":-0.3616192042827606,"w":0.2875490188598633},"size":26.08375358581543,"orthographic":false}