{"cameraMode":{"drawMode":0,"name":"Shaded","section":"Shading Mode"},"sceneLighting":true,"audioPlay":false,"sceneViewState":{"showFog":true,"showMaterialUpdate":true,"showSkybox":true,"showFlares":true,"showImageEffects":true,"showParticleSystems":true},"in2DMode":false,"pivot":{"x":11.120857238769532,"y":6.336832523345947,"z":-39.520057678222659},"rotation":{"x":-0.007666212506592274,"y":-0.9786649346351624,"z":-0.037047792226076129,"w":0.20212963223457337},"size":64.8677978515625,"orthographic":false}