{"cameraMode":{"drawMode":0,"name":"Shaded","section":"Shading Mode"},"sceneLighting":true,"audioPlay":false,"sceneViewState":{"showFog":true,"showMaterialUpdate":true,"showSkybox":true,"showFlares":true,"showImageEffects":true,"showParticleSystems":true},"in2DMode":false,"pivot":{"x":89.975830078125,"y":6.9433112144470219,"z":125.08726501464844},"rotation":{"x":-0.004661098122596741,"y":-0.9892142415046692,"z":0.14309537410736085,"w":-0.03211282566189766},"size":-0.05452275276184082,"orthographic":false}