{"cameraMode":{"drawMode":0,"name":"Shaded","section":"Shading Mode"},"sceneLighting":true,"audioPlay":false,"sceneViewState":{"showFog":true,"showMaterialUpdate":true,"showSkybox":false,"showFlares":true,"showImageEffects":true,"showParticleSystems":true},"in2DMode":false,"pivot":{"x":-2.574572801589966,"y":8.253576278686524,"z":-1.4841632843017579},"rotation":{"x":0.09108536690473557,"y":0.8296859860420227,"z":-0.14200221002101899,"w":0.5321944952011108},"size":36.781219482421878,"orthographic":false}