{"cameraMode":{"drawMode":0,"name":"Shaded","section":"Shading Mode"},"sceneLighting":false,"audioPlay":false,"sceneViewState":{"showFog":true,"showMaterialUpdate":true,"showSkybox":false,"showFlares":true,"showImageEffects":true,"showParticleSystems":true},"in2DMode":false,"pivot":{"x":-3.5209996700286867,"y":1.069292426109314,"z":11.286348342895508},"rotation":{"x":0.07432986050844193,"y":0.006296279840171337,"z":-0.0004686717293225229,"w":0.9972397089004517},"size":1.589512825012207,"orthographic":false}