{"cameraMode":{"drawMode":0,"name":"Shaded","section":"Shading Mode"},"sceneLighting":true,"audioPlay":false,"sceneViewState":{"showFog":true,"showMaterialUpdate":true,"showSkybox":true,"showFlares":true,"showImageEffects":true,"showParticleSystems":true},"in2DMode":false,"pivot":{"x":6.501998424530029,"y":0.6999998092651367,"z":2.620133638381958},"rotation":{"x":-0.046796660870313647,"y":-0.05555843934416771,"z":0.0028368630446493627,"w":-0.997394323348999},"size":1.9834345579147339,"orthographic":false}