{"cameraMode":{"drawMode":0,"name":"Shaded","section":"Shading Mode"},"sceneLighting":true,"audioPlay":false,"sceneViewState":{"showFog":true,"showMaterialUpdate":true,"showSkybox":true,"showFlares":true,"showImageEffects":true,"showParticleSystems":true},"in2DMode":false,"pivot":{"x":90.5439453125,"y":0.34625858068466189,"z":95.24868774414063},"rotation":{"x":0.03074224293231964,"y":0.9693520069122315,"z":-0.17490798234939576,"w":0.16990923881530763},"size":4.4041290283203129,"orthographic":false}