{"cameraMode":{"drawMode":0,"name":"Shaded","section":"Shading Mode"},"sceneLighting":true,"audioPlay":false,"sceneViewState":{"showFog":true,"showMaterialUpdate":true,"showSkybox":true,"showFlares":true,"showImageEffects":true,"showParticleSystems":true},"in2DMode":false,"pivot":{"x":126.84605407714844,"y":-56.955345153808597,"z":90.76560974121094},"rotation":{"x":0.2969059646129608,"y":0.43547341227531435,"z":-0.15496224164962769,"w":0.8356310725212097},"size":115.96187591552735,"orthographic":false}