{"cameraMode":{"drawMode":0,"name":"Shaded","section":"Shading Mode"},"sceneLighting":false,"audioPlay":false,"sceneViewState":{"showFog":true,"showMaterialUpdate":true,"showSkybox":false,"showFlares":true,"showImageEffects":true,"showParticleSystems":true},"in2DMode":false,"pivot":{"x":-1.3247127532958985,"y":-0.5345916748046875,"z":2.0815720558166506},"rotation":{"x":0.10112637281417847,"y":-0.015428458340466023,"z":0.0015301178209483624,"w":0.9947716593742371},"size":92.2639389038086,"orthographic":false}