{"cameraMode":{"drawMode":0,"name":"Shaded","section":"Shading Mode"},"sceneLighting":true,"audioPlay":false,"sceneViewState":{"showFog":true,"showMaterialUpdate":true,"showSkybox":false,"showFlares":true,"showImageEffects":true,"showParticleSystems":true},"in2DMode":false,"pivot":{"x":8.865943908691407,"y":-4.493652820587158,"z":-14.80867862701416},"rotation":{"x":0.044564761221408847,"y":0.9492868781089783,"z":-0.15747784078121186,"w":0.2685180604457855},"size":23.119287490844728,"orthographic":false}