{"cameraMode":{"drawMode":0,"name":"Shaded","section":"Shading Mode"},"sceneLighting":true,"audioPlay":false,"sceneViewState":{"showFog":true,"showMaterialUpdate":true,"showSkybox":true,"showFlares":true,"showImageEffects":true,"showParticleSystems":true},"in2DMode":false,"pivot":{"x":88.73912048339844,"y":-12.152885437011719,"z":98.02803039550781},"rotation":{"x":-0.018714359030127527,"y":0.9685771465301514,"z":-0.23580507934093476,"w":-0.07687117159366608},"size":37.2415885925293,"orthographic":false}