{"cameraMode":{"drawMode":0,"name":"Shaded","section":"Shading Mode"},"sceneLighting":false,"audioPlay":false,"sceneViewState":{"showFog":true,"showMaterialUpdate":true,"showSkybox":false,"showFlares":true,"showImageEffects":true,"showParticleSystems":true},"in2DMode":false,"pivot":{"x":-1.3048205375671387,"y":-0.1745905876159668,"z":-1.0333619117736817},"rotation":{"x":-0.09514778852462769,"y":-0.01980447769165039,"z":0.0019718327093869449,"w":-0.9952896237373352},"size":22.318920135498048,"orthographic":false}